<rts.PhysicalGameState width="8" height="8">
  <terrain>0000000000000000000000000000000000000000000000000000000000000000</terrain>
  <players>
    <rts.Player ID="0" resources="5">
    </rts.Player>
    <rts.Player ID="1" resources="5">
    </rts.Player>
  </players>
  <units>
    <rts.units.Unit type="Resource" ID="4" player="-1" x="0" y="0" resources="20" hitpoints="1" >
    </rts.units.Unit>
    <rts.units.Unit type="Resource" ID="5" player="-1" x="7" y="7" resources="20" hitpoints="1" >
    </rts.units.Unit>
    <rts.units.Unit type="Base" ID="60" player="0" x="0" y="2" resources="0" hitpoints="10" >
    </rts.units.Unit>
    <rts.units.Unit type="Worker" ID="61" player="0" x="0" y="1" resources="0" hitpoints="1" >
    </rts.units.Unit>
    <rts.units.Unit type="Base" ID="62" player="1" x="7" y="5" resources="0" hitpoints="10" >
    </rts.units.Unit>
    <rts.units.Unit type="Worker" ID="63" player="1" x="7" y="6" resources="0" hitpoints="1" >
    </rts.units.Unit>
  </units>
</rts.PhysicalGameState>
