<rts.PhysicalGameState width="12" height="12">
  <terrain>000000000000000000000000000000000000000000000000000000000000000000000000000000000000000000000000000000000000000000000000000000000000000000000000</terrain>
  <players>
    <rts.Player ID="0" resources="0">
    </rts.Player>
    <rts.Player ID="1" resources="0">
    </rts.Player>
  </players>
  <units>
    <rts.units.Unit type="Light" ID="80" player="0" x="2" y="1" resources="0" hitpoints="4" >
    </rts.units.Unit>
    <rts.units.Unit type="Light" ID="81" player="0" x="2" y="2" resources="0" hitpoints="4" >
    </rts.units.Unit>
    <rts.units.Unit type="Light" ID="82" player="0" x="2" y="3" resources="0" hitpoints="4" >
    </rts.units.Unit>
    <rts.units.Unit type="Light" ID="83" player="0" x="2" y="4" resources="0" hitpoints="4" >
    </rts.units.Unit>
    <rts.units.Unit type="Heavy" ID="84" player="0" x="1" y="1" resources="0" hitpoints="4" >
    </rts.units.Unit>
    <rts.units.Unit type="Heavy" ID="85" player="0" x="1" y="2" resources="0" hitpoints="4" >
    </rts.units.Unit>
    <rts.units.Unit type="Heavy" ID="86" player="0" x="1" y="3" resources="0" hitpoints="4" >
    </rts.units.Unit>
    <rts.units.Unit type="Heavy" ID="87" player="0" x="1" y="4" resources="0" hitpoints="4" >
    </rts.units.Unit>
    <rts.units.Unit type="Ranged" ID="88" player="0" x="0" y="1" resources="0" hitpoints="1" >
    </rts.units.Unit>
    <rts.units.Unit type="Ranged" ID="89" player="0" x="0" y="2" resources="0" hitpoints="1" >
    </rts.units.Unit>
    <rts.units.Unit type="Ranged" ID="90" player="0" x="0" y="3" resources="0" hitpoints="1" >
    </rts.units.Unit>
    <rts.units.Unit type="Ranged" ID="91" player="0" x="0" y="4" resources="0" hitpoints="1" >
    </rts.units.Unit>
    <rts.units.Unit type="Light" ID="92" player="1" x="9" y="7" resources="0" hitpoints="4" >
    </rts.units.Unit>
    <rts.units.Unit type="Light" ID="93" player="1" x="9" y="8" resources="0" hitpoints="4" >
    </rts.units.Unit>
    <rts.units.Unit type="Light" ID="94" player="1" x="9" y="9" resources="0" hitpoints="4" >
    </rts.units.Unit>
    <rts.units.Unit type="Light" ID="95" player="1" x="9" y="10" resources="0" hitpoints="4" >
    </rts.units.Unit>
    <rts.units.Unit type="Heavy" ID="96" player="1" x="10" y="7" resources="0" hitpoints="4" >
    </rts.units.Unit>
    <rts.units.Unit type="Heavy" ID="97" player="1" x="10" y="8" resources="0" hitpoints="4" >
    </rts.units.Unit>
    <rts.units.Unit type="Heavy" ID="98" player="1" x="10" y="9" resources="0" hitpoints="4" >
    </rts.units.Unit>
    <rts.units.Unit type="Heavy" ID="99" player="1" x="10" y="10" resources="0" hitpoints="4" >
    </rts.units.Unit>
    <rts.units.Unit type="Ranged" ID="100" player="1" x="11" y="7" resources="0" hitpoints="1" >
    </rts.units.Unit>
    <rts.units.Unit type="Ranged" ID="101" player="1" x="11" y="8" resources="0" hitpoints="1" >
    </rts.units.Unit>
    <rts.units.Unit type="Ranged" ID="102" player="1" x="11" y="9" resources="0" hitpoints="1" >
    </rts.units.Unit>
    <rts.units.Unit type="Ranged" ID="103" player="1" x="11" y="10" resources="0" hitpoints="1" >
    </rts.units.Unit>
  </units>
</rts.PhysicalGameState>
