<rts.PhysicalGameState width="8" height="8">
  <terrain>0000000000000000000000000000000000000000000000000000000000000000</terrain>
  <players>
    <rts.Player ID="0" resources="5">
    </rts.Player>
    <rts.Player ID="1" resources="5">
    </rts.Player>
  </players>
  <units>
    <rts.units.Unit type="Ranged" ID="5" player="0" x="7" y="7" resources="0" hitpoints="4" >
    </rts.units.Unit>
    <rts.units.Unit type="Ranged" ID="6" player="1" x="0" y="0" resources="0" hitpoints="4" >
    </rts.units.Unit>
    <rts.units.Unit type="Light" ID="9" player="1" x="1" y="0" resources="0" hitpoints="16" >
    </rts.units.Unit>
    <rts.units.Unit type="Light" ID="10" player="1" x="0" y="1" resources="0" hitpoints="16" >
    </rts.units.Unit>
    <rts.units.Unit type="Heavy" ID="11" player="1" x="1" y="1" resources="0" hitpoints="16" >
    </rts.units.Unit>
    <rts.units.Unit type="Heavy" ID="12" player="0" x="6" y="6" resources="0" hitpoints="16" >
    </rts.units.Unit>
    <rts.units.Unit type="Light" ID="13" player="0" x="6" y="7" resources="0" hitpoints="16" >
    </rts.units.Unit>
    <rts.units.Unit type="Light" ID="14" player="0" x="7" y="6" resources="0" hitpoints="16" >
    </rts.units.Unit>
  </units>
</rts.PhysicalGameState>
