<rts.PhysicalGameState width="8" height="8">
  <terrain>0000000000000000000000000000000000000000000000000000000000000000</terrain>
  <players>
    <rts.Player ID="0" resources="5">
    </rts.Player>
    <rts.Player ID="1" resources="5">
    </rts.Player>
  </players>
  <units>
    <rts.units.Unit type="Light" ID="117" player="0" x="1" y="0" resources="0" hitpoints="16" >
    </rts.units.Unit>
    <rts.units.Unit type="Light" ID="118" player="1" x="2" y="0" resources="0" hitpoints="16" >
    </rts.units.Unit>
    <rts.units.Unit type="Light" ID="119" player="0" x="1" y="1" resources="0" hitpoints="16" >
    </rts.units.Unit>
    <rts.units.Unit type="Light" ID="121" player="1" x="2" y="1" resources="0" hitpoints="16" >
    </rts.units.Unit>
    <rts.units.Unit type="Heavy" ID="122" player="0" x="5" y="0" resources="0" hitpoints="16" >
    </rts.units.Unit>
    <rts.units.Unit type="Heavy" ID="123" player="0" x="5" y="1" resources="0" hitpoints="16" >
    </rts.units.Unit>
    <rts.units.Unit type="Heavy" ID="125" player="1" x="6" y="0" resources="0" hitpoints="16" >
    </rts.units.Unit>
    <rts.units.Unit type="Heavy" ID="126" player="1" x="6" y="1" resources="0" hitpoints="16" >
    </rts.units.Unit>
    <rts.units.Unit type="Ranged" ID="127" player="0" x="5" y="6" resources="0" hitpoints="4" >
    </rts.units.Unit>
    <rts.units.Unit type="Ranged" ID="128" player="0" x="1" y="6" resources="0" hitpoints="4" >
    </rts.units.Unit>
    <rts.units.Unit type="Ranged" ID="129" player="0" x="5" y="5" resources="0" hitpoints="4" >
    </rts.units.Unit>
    <rts.units.Unit type="Ranged" ID="130" player="0" x="1" y="5" resources="0" hitpoints="4" >
    </rts.units.Unit>
    <rts.units.Unit type="Ranged" ID="131" player="1" x="2" y="6" resources="0" hitpoints="4" >
    </rts.units.Unit>
    <rts.units.Unit type="Ranged" ID="132" player="1" x="2" y="5" resources="0" hitpoints="4" >
    </rts.units.Unit>
    <rts.units.Unit type="Ranged" ID="133" player="1" x="6" y="6" resources="0" hitpoints="4" >
    </rts.units.Unit>
    <rts.units.Unit type="Ranged" ID="134" player="1" x="6" y="5" resources="0" hitpoints="4" >
    </rts.units.Unit>
  </units>
</rts.PhysicalGameState>
