<rts.PhysicalGameState width="8" height="8">
  <terrain>0000000000000000000000000000000000000000000000000000000000000000</terrain>
  <players>
    <rts.Player ID="0" resources="5">
    </rts.Player>
    <rts.Player ID="1" resources="5">
    </rts.Player>
  </players>
  <units>
    <rts.units.Unit type="Light" ID="4" player="0" x="6" y="6" resources="0" hitpoints="40" >
    </rts.units.Unit>
    <rts.units.Unit type="Ranged" ID="5" player="0" x="7" y="7" resources="0" hitpoints="10" >
    </rts.units.Unit>
    <rts.units.Unit type="Ranged" ID="6" player="1" x="0" y="0" resources="0" hitpoints="10" >
    </rts.units.Unit>
    <rts.units.Unit type="Light" ID="8" player="1" x="1" y="1" resources="0" hitpoints="40" >
    </rts.units.Unit>
  </units>
</rts.PhysicalGameState>
