<rts.PhysicalGameState width="4" height="4">
  <terrain>0000000000000000</terrain>
  <players>
    <rts.Player ID="0" resources="0">
    </rts.Player>
    <rts.Player ID="1" resources="0">
    </rts.Player>
  </players>
  <units>
    <rts.units.Unit type="Light" ID="32" player="0" x="0" y="0" resources="0" hitpoints="4" >
    </rts.units.Unit>
    <rts.units.Unit type="Light" ID="33" player="0" x="0" y="1" resources="0" hitpoints="4" >
    </rts.units.Unit>
    <rts.units.Unit type="Light" ID="34" player="1" x="3" y="2" resources="0" hitpoints="4" >
    </rts.units.Unit>
    <rts.units.Unit type="Light" ID="35" player="1" x="3" y="3" resources="0" hitpoints="4" >
    </rts.units.Unit>
  </units>
</rts.PhysicalGameState>
